date,day,hour,temperature_c,humidity_pct,wind_speed_kmh,weather,is_weekend,rentals
2025-09-15,Monday,0,10.2,76,4.6,Clear,0,24
2025-09-15,Monday,1,8.3,75,6.2,Clear,0,4
2025-09-15,Monday,2,11,71,4.6,Clear,0,25
2025-09-15,Monday,3,11.8,70,5.6,Clear,0,25
2025-09-15,Monday,4,11.8,77,7,Clear,0,10
2025-09-15,Monday,5,14.2,72,6.4,Clear,0,25
2025-09-15,Monday,6,10.8,88,11.5,Rain,0,9
2025-09-15,Monday,7,15.8,68,6.9,Clear,0,123
2025-09-15,Monday,8,17,62,4.7,Clear,0,133
2025-09-15,Monday,9,18.3,67,8.4,Clear,0,115
2025-09-15,Monday,10,18.5,67,10,Cloudy,0,85
2025-09-15,Monday,11,18.7,68,9.8,Cloudy,0,62
2025-09-15,Monday,12,22.1,64,9.9,Clear,0,80
2025-09-15,Monday,13,19.8,68,5.2,Clear,0,91
2025-09-15,Monday,14,20.2,65,5.3,Clear,0,88
2025-09-15,Monday,15,15.1,82,8.4,Rain,0,31
2025-09-15,Monday,16,16.5,65,5.3,Cloudy,0,130
2025-09-15,Monday,17,15.8,65,10,Clear,0,141
2025-09-15,Monday,18,13.6,75,8.9,Cloudy,0,110
2025-09-15,Monday,19,12.4,70,7.5,Clear,0,84
2025-09-15,Monday,20,9.6,76,6.5,Cloudy,0,32
2025-09-15,Monday,21,10.5,77,5.8,Clear,0,57
2025-09-15,Monday,22,9.2,80,8.6,Cloudy,0,25
2025-09-15,Monday,23,9.3,72,8.1,Clear,0,6
2025-09-16,Tuesday,0,8.9,80,10.9,Cloudy,0,4
2025-09-16,Tuesday,1,9.3,72,4.8,Cloudy,0,4
2025-09-16,Tuesday,2,11.1,70,7.9,Clear,0,20
2025-09-16,Tuesday,3,9.7,71,5.1,Cloudy,0,4
2025-09-16,Tuesday,4,10.1,71,7.8,Cloudy,0,4
2025-09-16,Tuesday,5,12.6,68,6.9,Cloudy,0,8
2025-09-16,Tuesday,6,13.1,66,7.6,Cloudy,0,52
2025-09-16,Tuesday,7,17.6,61,9.8,Clear,0,117
2025-09-16,Tuesday,8,18.6,60,8.6,Clear,0,154
2025-09-16,Tuesday,9,17.5,83,9.6,Rain,0,58
2025-09-16,Tuesday,10,21.2,63,10.9,Clear,0,105
2025-09-16,Tuesday,11,21.3,58,5.5,Clear,0,93
2025-09-16,Tuesday,12,22.5,62,7.7,Clear,0,95
2025-09-16,Tuesday,13,18.7,78,8.5,Rain,0,8
2025-09-16,Tuesday,14,21.3,63,7,Clear,0,93
2025-09-16,Tuesday,15,19.7,68,10.9,Clear,0,102
2025-09-16,Tuesday,16,18.4,64,10.9,Clear,0,143
2025-09-16,Tuesday,17,14.7,65,7.1,Cloudy,0,124
2025-09-16,Tuesday,18,15.2,67,7.4,Clear,0,135
2025-09-16,Tuesday,19,14.4,72,4.8,Clear,0,106
2025-09-16,Tuesday,20,13.5,66,5.5,Clear,0,76
2025-09-16,Tuesday,21,12.2,74,9.8,Clear,0,59
2025-09-16,Tuesday,22,7.2,90,12.6,Rain,0,4
2025-09-16,Tuesday,23,7.1,92,8,Rain,0,4
2025-09-17,Wednesday,0,11.1,77,10.9,Clear,0,9
2025-09-17,Wednesday,1,8.3,80,4.8,Cloudy,0,4
2025-09-17,Wednesday,2,8.1,94,12.2,Rain,0,4
2025-09-17,Wednesday,3,12.2,68,8.1,Clear,0,15
2025-09-17,Wednesday,4,13.2,74,10.5,Clear,0,28
2025-09-17,Wednesday,5,14.9,70,5.3,Clear,0,44
2025-09-17,Wednesday,6,16.6,68,10.2,Clear,0,96
2025-09-17,Wednesday,7,18.7,64,6.5,Clear,0,135
2025-09-17,Wednesday,8,17.8,67,5.5,Cloudy,0,128
2025-09-17,Wednesday,9,,68,5.8,Clear,0,143
2025-09-17,Wednesday,10,21.2,63,7.5,Clear,0,98
2025-09-17,Wednesday,11,22.5,58,10,Clear,0,92
2025-09-17,Wednesday,12,23.3,56,9.1,Clear,0,99
2025-09-17,Wednesday,13,20.6,66,10,Cloudy,0,58
2025-09-17,Wednesday,14,20,65,8.5,Cloudy,0,74
2025-09-17,Wednesday,15,19.4,61,5.6,Cloudy,0,96
2025-09-17,Wednesday,16,19.7,62,7.6,Clear,0,150
2025-09-17,Wednesday,17,17.4,64,10.2,Clear,0,151
2025-09-17,Wednesday,18,14.1,67,5.7,Cloudy,0,123
2025-09-17,Wednesday,19,11.3,90,10.7,Rain,0,10
2025-09-17,Wednesday,20,9.9,86,7.6,Rain,0,4
2025-09-17,Wednesday,21,9.3,94,7.5,Rain,0,4
2025-09-17,Wednesday,22,8.7,91,9.2,Rain,0,4
2025-09-17,Wednesday,23,8.8,72,9.1,Cloudy,0,4
2025-09-18,Thursday,0,7.9,78,6.4,Cloudy,0,4
2025-09-18,Thursday,1,11.9,72,5.6,Clear,0,12
2025-09-18,Thursday,2,8.7,77,7.8,Cloudy,0,4
2025-09-18,Thursday,3,11.9,75,8.5,Clear,0,22
2025-09-18,Thursday,4,13.1,75,8.9,Clear,0,20
2025-09-18,Thursday,5,12.2,67,10.4,Cloudy,0,4
2025-09-18,Thursday,6,14.6,72,4.9,Cloudy,0,64
2025-09-18,Thursday,7,18.5,68,9.4,Clear,0,125
2025-09-18,Thursday,8,17.1,77,11.8,Rain,0,81
2025-09-18,Thursday,9,19.2,69,10,Cloudy,0,100
2025-09-18,Thursday,10,22.3,63,6,Clear,0,111
2025-09-18,Thursday,11,21,61,8.4,Cloudy,0,60
2025-09-18,Thursday,12,21.9,57,8.6,Clear,0,95
2025-09-18,Thursday,13,20.4,59,9.4,Cloudy,0,57
2025-09-18,Thursday,14,22.1,60,8.5,Clear,0,94
2025-09-18,Thursday,15,18.6,62,11.1,Cloudy,0,96
2025-09-18,Thursday,16,19.8,60,9.8,Clear,0,153
2025-09-18,Thursday,17,17.3,71,5.3,Clear,0,161
2025-09-18,Thursday,18,14.3,69,7.1,Cloudy,0,118
2025-09-18,Thursday,19,15.5,70,6.4,Clear,0,106
2025-09-18,Thursday,20,12.1,72,9.2,Cloudy,0,39
2025-09-18,Thursday,21,9.8,71,6.6,Cloudy,0,38
2025-09-18,Thursday,22,8.7,91,9,Rain,0,4
2025-09-18,Thursday,23,10.1,74,6.9,Clear,0,4
2025-09-19,Friday,0,10.8,69,9.1,Clear,0,8
2025-09-19,Friday,1,9.9,73,6,Clear,0,8
2025-09-19,Friday,2,12.3,76,9.5,Clear,0,20
2025-09-19,Friday,3,11.5,73,10.7,Clear,0,6
2025-09-19,Friday,4,10.9,78,4.6,Cloudy,0,8
2025-09-19,Friday,5,14.3,67,5.6,Clear,0,25
2025-09-19,Friday,6,15.5,65,7.2,Cloudy,0,73
2025-09-19,Friday,7,18.3,64,8,Clear,0,120
2025-09-19,Friday,8,18.7,62,6,Clear,0,156
2025-09-19,Friday,9,21.8,67,11.4,Clear,0,128
2025-09-19,Friday,10,18.7,60,9.2,Cloudy,0,78
2025-09-19,Friday,11,22.2,57,11.2,Clear,0,88
2025-09-19,Friday,12,21.3,63,10.1,Clear,0,83
2025-09-19,Friday,13,19.4,68,8.9,Cloudy,0,66
2025-09-19,Friday,14,18.7,63,10.3,Cloudy,0,60
2025-09-19,Friday,15,20.1,63,10.6,Clear,0,107
2025-09-19,Friday,16,20,67,5.5,Clear,0,162
2025-09-19,Friday,17,17.2,66,8.2,Clear,0,147
2025-09-19,Friday,18,14.2,70,5.4,Cloudy,0,112
2025-09-19,Friday,19,13.1,72,6.5,Cloudy,0,72
2025-09-19,Friday,20,13.8,66,8,Clear,0,71
2025-09-19,Friday,21,13.1,71,6.1,Clear,0,57
2025-09-19,Friday,22,11.2,73,8.3,Clear,0,48
2025-09-19,Friday,23,8,77,9.5,Cloudy,0,4
2025-09-20,Saturday,0,9.7,76,9.5,Clear,1,10
2025-09-20,Saturday,1,10,79,11.2,Clear,1,15
2025-09-20,Saturday,2,9,79,7.6,Cloudy,1,4
2025-09-20,Saturday,3,12.9,66,8.2,Clear,1,18
2025-09-20,Saturday,4,13.6,70,8.8,Clear,1,18
2025-09-20,Saturday,5,13.4,73,7.1,Clear,1,18
2025-09-20,Saturday,6,13.4,72,8.8,Cloudy,1,26
2025-09-20,Saturday,7,18.1,65,10.7,Clear,1,74
2025-09-20,Saturday,8,19.4,63,5,Clear,1,95
2025-09-20,Saturday,9,18.7,67,7.6,Cloudy,1,74
2025-09-20,Saturday,10,18.4,68,7,Cloudy,1,87
2025-09-20,Saturday,11,18.8,68,8.9,Cloudy,1,100
2025-09-20,Saturday,12,21,59,11.5,Cloudy,1,110
2025-09-20,Saturday,13,20.6,59,6.5,Cloudy,1,125
2025-09-20,Saturday,14,20.4,65,8.5,Cloudy,1,135
2025-09-20,Saturday,15,20.1,64,8,Clear,1,138
2025-09-20,Saturday,16,19.5,64,5,Clear,1,126
2025-09-20,Saturday,17,15.1,64,8.3,Cloudy,1,89
2025-09-20,Saturday,18,15.8,70,5.3,Clear,1,84
2025-09-20,Saturday,19,13.7,67,5.5,Clear,1,64
2025-09-20,Saturday,20,12.7,72,9.7,Clear,1,52
2025-09-20,Saturday,21,11.9,77,6.7,Clear,1,63
2025-09-20,Saturday,22,8.2,80,9.6,Cloudy,1,14
2025-09-20,Saturday,23,10.2,72,6.7,Clear,1,23
2025-09-21,Sunday,0,8.9,73,9.8,Clear,1,15
2025-09-21,Sunday,1,7,79,11.4,Cloudy,1,4
2025-09-21,Sunday,2,9.6,79,8.2,Clear,1,13
2025-09-21,Sunday,3,9.7,75,6.7,Cloudy,1,4
2025-09-21,Sunday,4,11.8,70,8.7,Clear,1,6
2025-09-21,Sunday,5,14.5,74,7.8,Clear,1,23
2025-09-21,Sunday,6,12.3,69,8.5,Cloudy,1,36
2025-09-21,Sunday,7,14.6,71,11.1,Cloudy,1,34
2025-09-21,Sunday,8,16.2,71,6.1,Cloudy,1,66
2025-09-21,Sunday,9,20.1,64,8.5,Clear,1,94
2025-09-21,Sunday,10,21,66,6,Clear,1,109
2025-09-21,Sunday,11,22,63,10.9,Clear,1,135
2025-09-21,Sunday,12,18.9,67,4.9,Cloudy,1,123
2025-09-21,Sunday,13,19.3,60,7.5,Cloudy,1,132
2025-09-21,Sunday,14,20.3,66,6.2,Clear,1,144
2025-09-21,Sunday,15,20,59,11.3,Clear,1,144
2025-09-21,Sunday,16,17.5,67,6.5,Cloudy,1,98
2025-09-21,Sunday,17,13.9,84,11,Rain,1,32
2025-09-21,Sunday,18,14.5,67,10.2,Clear,1,90
2025-09-21,Sunday,19,13.4,66,11.4,Clear,1,70
2025-09-21,Sunday,20,13.5,67,10.3,Clear,1,69
2025-09-21,Sunday,21,11,74,9.2,Clear,1,45
2025-09-21,Sunday,22,11.3,71,4.7,Clear,1,45
2025-09-21,Sunday,23,6.5,94,12.4,Rain,1,4
2025-09-22,Monday,0,8.8,74,7.8,Clear,0,15
2025-09-22,Monday,1,9.1,76,6.5,Clear,0,7
2025-09-22,Monday,2,9.4,79,6.5,Clear,0,4
2025-09-22,Monday,3,8.9,76,7.2,Cloudy,0,4
2025-09-22,Monday,4,12.1,67,4.9,Clear,0,34
2025-09-22,Monday,5,12.1,76,4.9,Clear,0,24
2025-09-22,Monday,6,13.2,74,4.5,Cloudy,0,54
2025-09-22,Monday,7,14.6,67,5.8,Cloudy,0,95
2025-09-22,Monday,8,16.5,63,9.9,Cloudy,0,116
2025-09-22,Monday,9,16.5,69,5,Cloudy,0,114
2025-09-22,Monday,10,20.1,59,6.6,Clear,0,96
2025-09-22,Monday,11,17.1,77,7.1,Rain,0,27
2025-09-22,Monday,12,21.5,62,11.2,Clear,0,75
2025-09-22,Monday,13,17.4,77,11.5,Rain,0,6
2025-09-22,Monday,14,18.4,70,8.9,Cloudy,0,71
2025-09-22,Monday,15,16.2,80,7.1,Rain,0,42
2025-09-22,Monday,16,14.5,,12.7,Rain,0,57
2025-09-22,Monday,17,15.7,71,7.7,Clear,0,154
2025-09-22,Monday,18,13.8,67,8.9,Clear,0,129
2025-09-22,Monday,19,11.9,71,5.3,Clear,0,89
2025-09-22,Monday,20,11.1,71,5.3,Clear,0,66
2025-09-22,Monday,21,11.5,70,10.6,Clear,0,37
2025-09-22,Monday,22,10.6,71,7.9,Clear,0,37
2025-09-22,Monday,23,6.3,92,9.2,Rain,0,4
2025-09-23,Tuesday,0,6.9,77,9.4,Clear,0,4
2025-09-23,Tuesday,1,6.5,74,10.5,Cloudy,0,4
2025-09-23,Tuesday,2,6.9,77,9.3,Cloudy,0,4
2025-09-23,Tuesday,3,8.6,79,4.9,Clear,0,4
2025-09-23,Tuesday,4,8.6,74,6.7,Cloudy,0,4
2025-09-23,Tuesday,5,12.5,69,4.6,Clear,0,23
2025-09-23,Tuesday,6,13.7,73,4.8,Clear,0,89
2025-09-23,Tuesday,7,14.7,70,8,Clear,0,102
2025-09-23,Tuesday,8,16.8,63,6.5,Clear,0,129
2025-09-23,Tuesday,9,14,82,9.5,Rain,0,46
2025-09-23,Tuesday,10,17.2,69,5.2,Cloudy,0,80
2025-09-23,Tuesday,11,19.6,61,6.3,Clear,0,94
2025-09-23,Tuesday,12,19.3,67,10.5,Clear,0,76
2025-09-23,Tuesday,13,19.1,68,11.4,Clear,0,77
2025-09-23,Tuesday,14,18.9,68,8.3,Clear,0,75
2025-09-23,Tuesday,15,18.2,61,6.5,Clear,0,119
2025-09-23,Tuesday,16,13.5,89,8.4,Rain,0,72
2025-09-23,Tuesday,17,14.4,72,10.9,Cloudy,0,131
2025-09-23,Tuesday,18,14.4,66,6.2,Clear,0,140
2025-09-23,Tuesday,19,11.9,77,9,Clear,0,86
2025-09-23,Tuesday,20,11.7,68,8.8,Clear,0,53
2025-09-23,Tuesday,21,7.5,77,7.3,Cloudy,0,20
2025-09-23,Tuesday,22,5.1,92,12.6,Rain,0,4
2025-09-23,Tuesday,23,6.7,76,7.4,Cloudy,0,4
2025-09-24,Wednesday,0,6.4,75,6.2,Cloudy,0,4
2025-09-24,Wednesday,1,6.8,74,10.6,Clear,0,4
2025-09-24,Wednesday,2,5.7,74,11.4,Cloudy,0,4
2025-09-24,Wednesday,3,8.9,78,5.4,Clear,0,4
2025-09-24,Wednesday,4,7.6,89,9.9,Rain,0,4
2025-09-24,Wednesday,5,10.4,70,4.7,Cloudy,0,4
2025-09-24,Wednesday,6,13.9,68,6.5,Clear,0,71
2025-09-24,Wednesday,7,13.7,70,6,Cloudy,0,87
2025-09-24,Wednesday,8,14.7,72,7.5,Cloudy,0,122
2025-09-24,Wednesday,9,18,63,10.1,Clear,0,125
2025-09-24,Wednesday,10,16,85,10.3,Rain,0,21
2025-09-24,Wednesday,11,20.4,68,9.6,Clear,0,75
2025-09-24,Wednesday,12,18.5,63,6.3,Clear,0,75
2025-09-24,Wednesday,13,18,68,7.6,Cloudy,0,54
2025-09-24,Wednesday,14,14.4,87,7.3,Rain,0,5
2025-09-24,Wednesday,15,17.9,70,11,Clear,0,100
2025-09-24,Wednesday,16,16.5,65,9.2,Clear,0,147
2025-09-24,Wednesday,17,14.2,73,8.5,Cloudy,0,133
2025-09-24,Wednesday,18,12.7,70,10.1,Clear,0,122
2025-09-24,Wednesday,19,9.4,75,9.4,Cloudy,0,46
2025-09-24,Wednesday,20,6,89,12.5,Rain,0,4
2025-09-24,Wednesday,21,6.8,82,5.6,Cloudy,0,27
2025-09-24,Wednesday,22,7.7,76,10.5,Clear,0,36
2025-09-24,Wednesday,23,7.3,76,11.1,Clear,0,6
2025-09-25,Thursday,0,8.3,72,10.3,Clear,0,4
2025-09-25,Thursday,1,7.3,73,10.4,Clear,0,7
2025-09-25,Thursday,2,7.3,74,4.8,Clear,0,10
2025-09-25,Thursday,3,6.2,92,8.8,Rain,0,4
2025-09-25,Thursday,4,9,73,9,Cloudy,0,4
2025-09-25,Thursday,5,10.8,73,10.6,Cloudy,0,4
2025-09-25,Thursday,6,14,68,7.1,Clear,0,68
2025-09-25,Thursday,7,13.8,68,9.4,Cloudy,0,99
2025-09-25,Thursday,8,14.3,80,10.7,Rain,0,58
2025-09-25,Thursday,9,15.4,70,9.8,Cloudy,0,95
2025-09-25,Thursday,10,15.7,78,7.3,Rain,0,23
2025-09-25,Thursday,11,16.4,78,9,Rain,0,23
2025-09-25,Thursday,12,19,67,5.2,Clear,0,80
2025-09-25,Thursday,13,18.8,65,5.9,Clear,0,68
2025-09-25,Thursday,14,19.7,67,6.3,Clear,0,98
2025-09-25,Thursday,15,14.8,79,11,Rain,0,42
2025-09-25,Thursday,16,12.1,84,9.9,Rain,0,71
2025-09-25,Thursday,17,14.3,66,5,Cloudy,0,131
2025-09-25,Thursday,18,14.7,74,8.2,Clear,0,117
2025-09-25,Thursday,19,9.7,72,9.6,Cloudy,0,55
2025-09-25,Thursday,20,11.3,74,7.9,Clear,0,63
2025-09-25,Thursday,21,8.5,79,8.5,Cloudy,0,11
2025-09-25,Thursday,22,8.7,74,8.8,Clear,0,40
2025-09-25,Thursday,23,4,94,,Rain,0,4
2025-09-26,Friday,0,6,80,4.7,Cloudy,0,4
2025-09-26,Friday,1,5.3,76,7.9,Cloudy,0,4
2025-09-26,Friday,2,9.9,79,5,Clear,0,7
2025-09-26,Friday,3,10.4,69,11.2,Clear,0,4
2025-09-26,Friday,4,8.2,71,11.4,Cloudy,0,4
2025-09-26,Friday,5,9.8,79,8.7,Cloudy,0,4
2025-09-26,Friday,6,15.1,72,5.5,Clear,0,82
2025-09-26,Friday,7,14.1,72,5.2,Cloudy,0,83
2025-09-26,Friday,8,12.8,82,8.2,Rain,0,62
2025-09-26,Friday,9,16,72,7.2,Cloudy,0,87
2025-09-26,Friday,10,17.2,69,6.4,Cloudy,0,70
2025-09-26,Friday,11,18.7,65,9.7,Clear,0,72
2025-09-26,Friday,12,17.7,66,5.4,Cloudy,0,62
2025-09-26,Friday,13,17.5,64,8.9,Cloudy,0,44
2025-09-26,Friday,14,16.7,71,9.4,Cloudy,0,55
2025-09-26,Friday,15,15.4,79,10.5,Rain,0,27
2025-09-26,Friday,16,16.4,68,11.2,Clear,0,139
2025-09-26,Friday,17,14.6,73,9.7,Cloudy,0,119
2025-09-26,Friday,18,11.7,68,10.8,Cloudy,0,97
2025-09-26,Friday,19,8.9,86,8.7,Rain,0,4
2025-09-26,Friday,20,11.5,76,10.3,Clear,0,60
2025-09-26,Friday,21,10.4,76,8.8,Clear,0,34
2025-09-26,Friday,22,6.8,76,9,Cloudy,0,7
2025-09-26,Friday,23,9.4,78,10.6,Clear,0,14
2025-09-27,Saturday,0,9,72,6.6,Clear,1,4
2025-09-27,Saturday,1,5.9,79,8.3,Cloudy,1,4
2025-09-27,Saturday,2,8.9,76,5.6,Clear,1,6
2025-09-27,Saturday,3,9.9,79,8.7,Clear,1,4
2025-09-27,Saturday,4,11.6,76,10.5,Clear,1,21
2025-09-27,Saturday,5,11.1,77,7.5,Cloudy,1,6
2025-09-27,Saturday,6,13.5,70,7.6,Cloudy,1,36
2025-09-27,Saturday,7,15.8,71,7.6,Clear,1,77
2025-09-27,Saturday,8,18.7,65,4.7,Clear,1,88
2025-09-27,Saturday,9,17.5,63,7,Cloudy,1,71
2025-09-27,Saturday,10,19.6,63,11.3,Clear,1,105
2025-09-27,Saturday,11,20,63,8.6,Clear,1,110
2025-09-27,Saturday,12,16.8,86,7.8,Rain,1,58
2025-09-27,Saturday,13,19.5,65,6.5,Clear,1,137
2025-09-27,Saturday,14,20,60,5.8,Clear,1,151
2025-09-27,Saturday,15,19.7,65,6.2,Clear,1,152
2025-09-27,Saturday,16,17.6,69,8.4,Clear,1,123
2025-09-27,Saturday,17,13.1,86,8.9,Rain,1,29
2025-09-27,Saturday,18,13.7,69,7.4,Clear,1,84
2025-09-27,Saturday,19,12,75,10.3,Cloudy,1,43
2025-09-27,Saturday,20,11.6,70,5.9,Clear,1,60
2025-09-27,Saturday,21,11.1,71,9.3,Clear,1,45
2025-09-27,Saturday,22,8.2,76,6.8,Cloudy,1,17
2025-09-27,Saturday,23,9.3,77,8.3,Clear,1,12
2025-09-28,Sunday,0,8.3,79,5.3,Clear,1,13
2025-09-28,Sunday,1,7.6,80,5.8,Cloudy,1,4
2025-09-28,Sunday,2,10.6,77,4.9,Clear,1,9
2025-09-28,Sunday,3,10.1,70,11.4,Clear,1,10
2025-09-28,Sunday,4,9.1,86,12.3,Rain,1,4
2025-09-28,Sunday,5,14.4,65,8,Clear,1,35
2025-09-28,Sunday,6,14.5,65,6.7,Cloudy,1,57
2025-09-28,Sunday,7,16.5,69,5.3,Clear,1,74
2025-09-28,Sunday,8,17.7,70,8.3,Clear,1,72
2025-09-28,Sunday,9,17.7,69,6.6,Cloudy,1,63
2025-09-28,Sunday,10,19.9,63,8,Clear,1,107
2025-09-28,Sunday,11,21.8,57,9.7,Clear,1,129
2025-09-28,Sunday,12,21.5,66,6.2,Clear,1,142
2025-09-28,Sunday,13,18.2,64,8.1,Cloudy,1,127
2025-09-28,Sunday,14,19.9,66,7.2,Clear,1,141
2025-09-28,Sunday,15,20.6,60,7.5,Clear,1,149
2025-09-28,Sunday,16,17.7,65,8.9,Cloudy,1,99
2025-09-28,Sunday,17,16.8,66,5.2,Clear,1,115
2025-09-28,Sunday,18,13.6,72,11.1,Cloudy,1,55
2025-09-28,Sunday,19,9.3,88,10.6,Rain,1,4
2025-09-28,Sunday,20,12.6,76,7,Clear,1,57
2025-09-28,Sunday,21,8.3,94,7.9,Rain,1,4
2025-09-28,Sunday,22,9.4,75,7.7,Cloudy,1,33
2025-09-28,Sunday,23,7.2,74,7.8,Cloudy,1,4
2025-09-20,Saturday,0,9.7,76,9.5,Clear,1,10
